id,amount,to,notes
1,50,Shyam,for saving World
2,502,Naidu,for being assholeid,,to,notes
1,,Shyam,for saving World
2,,Naidu,for being assholeid,to,notes
1,Shyam,for saving World
2,Naidu,for being assholeid,to,amount,notes
1,Shyam,50,for saving World
2,Naidu,502,for being assholeid,to,amount,notes
1,Shyam,50,for saving World
2,Naidu,502,for being assholeid,to,amount,notes
1,Shyam,50,for saving World
2,Naidu,502,for being asshole
2,Naidu,502,for being assholeid,to,amount,notes
1,Shyam,50,for saving World
2,Naidu,502,for being asshole
2,Naidu,502,for being assholeid,to,amount,notes
1,Shyam,50,for saving World
2,Naidu,502,for being asshole
2,,502,for being assholeid,to,amount,notes
1,Shyam,50,for saving World
2,Naidu,502,for being asshole
2,S,502,for being assholeid,to,amount,notes
1,Shyam,50,for saving World
2,Naidu,502,for being asshole
2,Sru,502,for being assholeid,to,amount,notes
1,Shyam,50,for saving World
2,Naidu,502,for being asshole
2,Sruit,502,for being assholeid,to,amount,notes
1,Shyam,50,for saving World
2,Naidu,502,for being asshole
2,Sruit,502,for being a friend